<?xml version="1.0" encoding="UTF-8"?>
<project-private xmlns="http://www.netbeans.org/ns/project-private/1">
    <editor-bookmarks xmlns="http://www.netbeans.org/ns/editor-bookmarks/2" lastBookmarkId="0"/>
    <open-files xmlns="http://www.netbeans.org/ns/projectui-open-files/2">
        <group>
            <file>file:/home/bianca/Nextcloud/ufms/ensino/2018_2/compiladores1/codigos_2018/ProjExpressoes/src/projexpressoes/ProjExpressoes.java</file>
            <file>file:/home/bianca/Nextcloud/ufms/ensino/2018_2/compiladores1/codigos_2018/ProjExpressoes/src/projexpressoes/Parser.java</file>
            <file>file:/home/bianca/Nextcloud/ufms/ensino/2018_2/compiladores1/codigos_2018/ProjExpressoes/src/projexpressoes/Token.java</file>
            <file>file:/home/bianca/Nextcloud/ufms/ensino/2018_2/compiladores1/codigos_2018/ProjExpressoes/src/projexpressoes/Scanner.java</file>
            <file>file:/home/bianca/Nextcloud/ufms/ensino/2018_2/compiladores1/codigos_2018/ProjExpressoes/src/projexpressoes/EnumToken.java</file>
        </group>
    </open-files>
</project-private>
