<?xml version="1.0" encoding="UTF-8"?>
<project-private xmlns="http://www.netbeans.org/ns/project-private/1">
    <editor-bookmarks xmlns="http://www.netbeans.org/ns/editor-bookmarks/2" lastBookmarkId="0"/>
    <open-files xmlns="http://www.netbeans.org/ns/projectui-open-files/2">
        <group>
            <file>file:/C:/Users/Bianca/ownCloud/ufms/ensino/2018_2/compiladores1/codigos_2018/Compiladores2018Sala/src/compiladores2018sala/TabelaSimples.java</file>
            <file>file:/C:/Users/Bianca/ownCloud/ufms/ensino/2018_2/compiladores1/codigos_2018/Compiladores2018Sala/src/compiladores2018sala/Scanner.java</file>
            <file>file:/C:/Users/Bianca/ownCloud/ufms/ensino/2018_2/compiladores1/codigos_2018/Compiladores2018Sala/src/compiladores2018sala/Token.java</file>
            <file>file:/C:/Users/Bianca/ownCloud/ufms/ensino/2018_2/compiladores1/codigos_2018/Compiladores2018Sala/src/compiladores2018sala/Compiladores2018Sala.java</file>
            <file>file:/C:/Users/Bianca/ownCloud/ufms/ensino/2018_2/compiladores1/codigos_2018/Compiladores2018Sala/src/compiladores2018sala/EnumToken.java</file>
        </group>
    </open-files>
</project-private>
